master_id,player_name,player_name_us,player_name_tm,player_id_tm,_name_norm,_team_norm,_league,_fuzzy_score_us,_fuzzy_score_tm,_matched_via_fuzzy
50c2639a16cb,Tom Edozie,Tom Edozie,,,tom edozie,wolverhampton,England Premier League,100.0,,True
b9359ec3e1f1,Lucas Paquetá,Lucas Paquetá,,,lucas paqueta,west ham united,England Premier League,100.0,,True
cd418b0110a3,Đorđe Petrović,Djordje Petrovic,,,ore petrovic,bournemouth,England Premier League,90.0,,True
ddfea0c5661c,Emmanuel Agbadou,Emmanuel Agbadou,,,emmanuel agbadou,wolverhampton,England Premier League,100.0,,True
f9b6f0dc3927,Savinho,,Savinho,743591.0,savinho,manchester city,England Premier League,,100.0,True
3eff83f198c3,Yehor Yarmoliuk,Yehor Yarmolyuk,,,yehor yarmoliuk,brentford,England Premier League,93.3,,True
c064795750cf,Oleksandr Zinchenko,Oleksandr Zinchenko,,,oleksandr zinchenko,nottingham forest,England Premier League,,,
eff5aeb0e40b,Andy Robertson,Andrew Robertson,,,andy robertson,liverpool fc,England Premier League,90.0,,True
ac09a2ca1919,Jun'ai Byfield,Jun'ai Byfield,,,jun ai byfield,tottenham hotspur,England Premier League,100.0,,True
7c887d1d0c32,Jesse Derry,Jesse Derry,,,jesse derry,chelsea,England Premier League,,,
67179d8ca364,Oliver Sonne,Oliver Sonne,,,oliver sonne,burnley,England Premier League,,,
ce8ef7a9e60a,Valentín Castellanos,Valentín Castellanos,,,valentin castellanos,west ham united,England Premier League,100.0,,True
b886ecc9ba2e,Frank Onyeka,Frank Onyeka,,,frank onyeka,brentford,England Premier League,,,
4485b14fc173,Ki-Jana Hoever,Ki-Jana Hoever,,,ki jana hoever,wolverhampton,England Premier League,100.0,,True
2b2894126d0e,Jhon Arias,Jhon Arias,,,jhon arias,wolverhampton,England Premier League,100.0,,True
2adacc2d73b2,Tyler Fredricson,Tyler Fredricson,,,tyler fredricson,manchester united,England Premier League,,,
53e950b569e7,Jota Silva,Jota Silva,,,jota silva,nottingham forest,England Premier League,,,
6c18f49305e4,Jamaldeen Jimoh,Jamaldeen Jimoh,,,jamaldeen jimoh,aston villa,England Premier League,,,
0448082e9099,Callum Olusesi,Callum Olusesi,,,callum olusesi,tottenham hotspur,England Premier League,100.0,,True
f19fa6df9732,Tawanda Chirewa,Tawanda Chirewa,,,tawanda chirewa,wolverhampton,England Premier League,100.0,,True
9afc17dcf204,Dan Neil,Dan Neil,,,dan neil,sunderland,England Premier League,,,
66ea9fcae4c4,Andy Irving,Andy Irving,,,andy irving,west ham united,England Premier League,100.0,,True
ed45411e6e7a,Shea Lacey,Shea Lacey,,,shea lacey,manchester united,England Premier League,,,
8cb1b79b63e5,George Hemmings,George Hemmings,,,george hemmings,aston villa,England Premier League,,,
bd2d4f441494,Romain Esse,Romain Esse,,,romain esse,crystal palace,England Premier League,,,
f8471b40ba30,Jack Fletcher,Jack Fletcher,,,jack fletcher,manchester united,England Premier League,,,
1dbd27ea7f6f,Max Kilman,Max Kilman,,,max kilman,west ham united,England Premier League,100.0,,True
99c151a9f749,Bendito Mantato,Bendito Mantato,,,bendito mantato,manchester united,England Premier League,,,
de393a5a7eb4,Divine Mukasa,Divine Mukasa,,,divine mukasa,manchester city,England Premier League,,,
fc9449d39024,Tom Watson,Tom Watson,,,tom watson,brighton hove albion,England Premier League,100.0,,True
e7ce2c670716,Luís Guilherme,Luis Guilherme,,,luis guilherme,west ham united,England Premier League,100.0,,True
f8c38c66dec3,Dane Scarlett,Dane Scarlett,,,dane scarlett,tottenham hotspur,England Premier League,100.0,,True
dcd35922371e,Joel Drakes-Thomas,Joél Drakes-Thomas,,,joel drakes thomas,crystal palace,England Premier League,,,
98652926d5f5,Harry Howell,Harry Howell,,,harry howell,brighton hove albion,England Premier League,100.0,,True
3cd79348104f,Shumaira Mheuka,Shumaira Mheuka,,,shumaira mheuka,chelsea,England Premier League,,,
172be1f6dc69,Jaydon Banel,Jaydon Banel,,,jaydon banel,burnley,England Premier League,,,
89228e99665f,George Earthy,George Earthy,,,george earthy,west ham united,England Premier League,100.0,,True
d2c83335a3f4,Bradley Burrowes,Bradley Burrowes,,,bradley burrowes,aston villa,England Premier League,,,
fbc79ec74872,Jamaal Lascelles,Jamaal Lascelles,,,jamaal lascelles,newcastle united,England Premier League,,,
079a5b25d032,Callum Marshall,Callum Marshall,,,callum marshall,west ham united,England Premier League,100.0,,True
5a1c083507ae,Saša Kalajdžić,Sasa Kalajdzic,,,sasa kalajdzic,wolverhampton,England Premier League,100.0,,True
50ff02292805,Ben Winterburn,Ben Winterburn,,,ben winterburn,bournemouth,England Premier League,,,
21fc867d8ca7,Tyler Fletcher,Tyler Fletcher,,,tyler fletcher,manchester united,England Premier League,,,
1360550813f6,James Rowswell,James Rowswell,,,james rowswell,tottenham hotspur,England Premier League,100.0,,True
42db146608ed,Myles Peart-Harris,Myles Peart-Harris,,,myles peart harris,brentford,England Premier League,,,
47b284a7a0e4,Nehemiah Oriola,Nehemiah Oriola,,,nehemiah oriola,brighton hove albion,England Premier League,100.0,,True
8e5b436c7be1,Joe Knight,Joe Knight,,,joe knight,brighton hove albion,England Premier League,100.0,,True
55deed5e6619,Mezian Mesloub,,,,mezian mesloub,lens,France Ligue 1,,,
d92bbd0a2b10,Brad-Hamilton Mantsounga,Brad-Hamilton Mantsounga,,,brad hamilton mantsounga,nice,France Ligue 1,,,
1a4d7717f5a6,Julien Le Cardinal,Julien Le Cardinal,,,julien le cardinal,saint tienne,France Ligue 1,100.0,,True
002fbd903da7,Michel Diaz,Michel Diaz,,,michel diaz,stade brestois,France Ligue 1,100.0,,True
44db47932957,Hilan Hamzaoui Slimani,Hilan Slimani,,,hilan hamzaoui slimani,olympique de marseille,France Ligue 1,100.0,,True
099f7f4f3c2b,Formose Mendy,Formose Mendy,,,formose mendy,lorient,France Ligue 1,,,
100b51edf569,Ange Lago,Ange Lago,,,ange lago,olympique de marseille,France Ligue 1,100.0,,True
4452784b6e70,Seko Fofana,Seko Fofana,,,seko fofana,stade rennais,France Ligue 1,100.0,,True
d79601c3da02,Derek Cornelius,Derek Cornelius,,,derek cornelius,olympique de marseille,France Ligue 1,100.0,,True
7b097a455eb2,Hyeok-kyu Kwon,Kwon Hyeok-Kyu,,,hyeok kyu kwon,nantes,France Ligue 1,100.0,,True
5c645ed45ded,Morgan Guilavogui,Morgan Guilavogui,,,morgan guilavogui,lens,France Ligue 1,,,
1c2ca96fcdbc,Jim Allevinah,Jim Allevinah,,,jim allevinah,angers,France Ligue 1,,,
2cc942c6a483,Dimitri Lucea,Dimitri Lucea,,,dimitri lucea,paris saint germain,France Ligue 1,,,
9f9daa617948,Tim Weah,Timothy Weah,,,tim weah,olympique de marseille,France Ligue 1,90.0,,True
2798cb0ee113,Mohamed Kader Meite,Mohamed Meïté,,,mohamed kader meite,stade rennais,France Ligue 1,100.0,,True
ac5fdf720e0f,Thomas Delaine,Thomas Delaine,,,thomas delaine,le havre,France Ligue 1,,,
f812a356db6d,Billal Brahimi,Billal Brahimi,,,billal brahimi,nice,France Ligue 1,,,
33de39e27490,Maxima Goffi,Maxima Goffi,,,maxima goffi,lille,France Ligue 1,,,
4870b637d8ef,Bané Diatta,Bané Diatta,,,bane diatta,angers,France Ligue 1,,,
73b3a3cf2d83,Jahyann Pandore,Jahyann Pandore,,,jahyann pandore,metz,France Ligue 1,,,
e9816936cdc8,Nouha Dicko,Nouha Dicko,,,nouha dicko,paris fc,France Ligue 1,,,
9cec29459ff2,Conrad Jaden Egan-Riley,,,,conrad jaden egan riley,olympique de marseille,France Ligue 1,,,
d9e3671675e6,Tyrese Noubissie,Tyrese Noubissie,,,tyrese noubissie,strasbourg,France Ligue 1,,,
aa12ca04d6fa,Morgan Bokele Mputu,Morgan Bokele,,,morgan bokele mputu,metz,France Ligue 1,100.0,,True
ce3d1b78e2c3,Yassine Benhattab,Yassine Benhattab,,,yassine benhattab,nantes,France Ligue 1,,,
7de8fd7013ba,Dehmaine Tabibou,,Dehmaine Tabibou,1004619.0,dehmaine tabibou,nantes,France Ligue 1,,,
ecb319e4f4e0,Kelvin Amian,,Kelvin Amian,344072.0,kelvin amian,nantes,France Ligue 1,,,
590b9cab99df,Pape Cabral,Pape Cabral,,,pape cabral,monaco,France Ligue 1,,,
0fd5540dffca,Hong Hyun-seok,Hong Hyun-Seok,,,hong hyun seok,nantes,France Ligue 1,,,
e56b34afe02a,Malick Mbaye,Malick Mbaye,,,malick mbaye,metz,France Ligue 1,,,
4c0ae40b2087,Ilyas Azizi,Ilyas Azizi,,,ilyas azizi,toulouse,France Ligue 1,,,
463a8afac993,Ibrahim Salah,Ibrahim Salah,,,ibrahim salah,stade rennais,France Ligue 1,100.0,,True
1290b33c7481,Sidiki Cherif,Sidiki Chérif,,,sidiki cherif,angers,France Ligue 1,,,
efd4bd9513c7,Younes Namli,Younes Namli,,,younes namli,le havre,France Ligue 1,,,
1a3f3223aa97,Félix Lemaréchal,Felix Lemarechal,,,felix lemarechal,strasbourg,France Ligue 1,,,
ac87ec2f1fdf,Eric Ebimbe,Eric Junior Dina Ebimbe,,,eric ebimbe,stade brestois,France Ligue 1,100.0,,True
62be0a7591d2,Mayckel Lahdo,Mayckel Lahdo,,,mayckel lahdo,nantes,France Ligue 1,,,
b2ce288df6e1,Lohann Doucet,Lohann Doucet,,,lohann doucet,paris fc,France Ligue 1,,,
9c0315841ff3,Brian Madjo,Brian Madjo,,,brian madjo,metz,France Ligue 1,,,
79d695656ae9,Cheick Tidiane Sabaly,Cheick Tidiane Sabaly,,,cheick tidiane sabaly,metz,France Ligue 1,,,
5b96e68bcd2a,Ibrahim Osman,Ibrahim Osman,,,ibrahim osman,auxerre,France Ligue 1,,,
db930e7d5026,Joel Mugisha Mvuka,Joel Mvuka,,,joel mugisha mvuka,lorient,France Ligue 1,100.0,,True
97babd0320b1,Nouhoum Kamissoko,Nouhoum Kamissoko,,,nouhoum kamissoko,olympique de marseille,France Ligue 1,100.0,,True
d959816adfa6,Theo Bair,Theo Bair,,,theo bair,auxerre,France Ligue 1,,,
c26b3e34f154,Serigne Diop,Serigne Diop,,,serigne diop,stade brestois,France Ligue 1,100.0,,True
647dc0d2f95a,George Ilenikhena,George Ilenikhena,,,george ilenikhena,monaco,France Ligue 1,,,
736e8c76ac92,Adil Hamdani,Adil Hamdani,,,adil hamdani,olympique lyonnais,France Ligue 1,100.0,,True
05535e8048bd,Terem Moffi,Terem Igobor Moffi,,,terem moffi,nice,France Ligue 1,100.0,,True
a2387ea0f057,Kendry Páez,Kendry Páez,,,kendry paez,strasbourg,France Ligue 1,,,
c708e457deae,Noah Nsoki,Noah Nsoki,,,noah nsoki,paris saint germain,France Ligue 1,,,
34bba8c98fff,Mathis Jangeal,Mathis Jangeal,,,mathis jangeal,paris saint germain,France Ligue 1,,,
9f62582c1d31,Amadou Cissé,Amadou Cissé,,,amadou cisse,strasbourg,France Ligue 1,,,
8e22eb5143de,Mathis Saka,Mathis Saka,,,mathis saka,rodez af,France Ligue 1,100.0,,True
ec8bf7e7029b,Jean-Baptiste Bosey,Jean-Baptiste Bosey,,,jean baptiste bosey,strasbourg,France Ligue 1,,,
a23c2c8b0b7e,Ibrahim Yayiya Kante,Ibrahim Kanté,,,ibrahim yayiya kante,stade brestois,France Ligue 1,100.0,,True
6ed0198662d4,Zoumana Diallo,Zoumana Diallo,,,zoumana diallo,nice,France Ligue 1,,,
c15838a00cc3,Mohamed Benoit-Dao,Mohamed Benoit-Dao,,,mohamed benoit dao,paris fc,France Ligue 1,,,
270ef7e9be88,Damián Pizarro,Damián Pizarro,,,damian pizarro,le havre,France Ligue 1,,,
15a9c11a6596,Joseph N'Duquidi,Joseph N'Duquidi,,,joseph n duquidi,metz,France Ligue 1,,,
0976f4570bd3,Axel Camblan,Axel Camblan,,,axel camblan,stade brestois,France Ligue 1,100.0,,True
10842776a89b,Daniel Semedo,Daniel Semedo,,,daniel semedo,lorient,France Ligue 1,,,
22fe33588321,Ugo Lamare El Kadmiri,Ugo El Kadmiri,,,ugo lamare el kadmiri,olympique de marseille,France Ligue 1,100.0,,True
41104b3130ce,Joel Asoro,Joel Asoro,,,joel asoro,metz,France Ligue 1,,,
a3fa8d522d72,Enzo Molebe,Enzo Molébé,,,enzo molebe,olympique lyonnais,France Ligue 1,100.0,,True
deb85bd09a2d,Tadjidine Mmadi,Tadjidine Mmadi,,,tadjidine mmadi,olympique de marseille,France Ligue 1,100.0,,True
9c59ed929b49,Rabby Nzingoula,Rabby Nzingoula,,,rabby nzingoula,strasbourg,France Ligue 1,,,
46670cdb0ff6,Ilane Touré,Ilane Touré,,,ilane toure,monaco,France Ligue 1,,,
ea95418feadc,Vincent Burlet,Vincent Burlet,,,vincent burlet,lille,France Ligue 1,,,
8aaa37decadf,Justin Bourgault,Justin Bourgault,,,justin bourgault,stade brestois,France Ligue 1,100.0,,True
27ff1ff1f1b1,Idrissa Sabaly,Idrissa Sabaly,,,idrissa sabaly,strasbourg,France Ligue 1,,,
65fd710d8f67,Pierre Mounguengue,Pierre Mounguengue,,,pierre mounguengue,paris saint germain,France Ligue 1,,,
5f17456458cf,Christopher Wooh,Christopher Wooh,,,christopher wooh,stade rennais,France Ligue 1,100.0,,True
9f548d715ec1,Bertuğ Yıldırım,Bertug Yildirim,,,bertug yldrm,stade rennais,France Ligue 1,88.9,,True
46be1d8c7931,Hamza Koutoune,Hamza Koutoune,,,hamza koutoune,nice,France Ligue 1,,,
5acf6e9bc3d9,Samuel Nibombe,Samuel Nibombé,,,samuel nibombe,monaco,France Ligue 1,,,
56e87b35363a,Martin Bley,Martin Bley,,,martin bley,lorient,France Ligue 1,,,
c84a896be907,Henrick Do Marcolino,Henrick Do Marcolino,,,henrick do marcolino,stade rennais,France Ligue 1,100.0,,True
ff2efc5b4526,Georges Gomis,Georges Gomis,,,georges gomis,le havre,France Ligue 1,,,
907c430596a3,Yvan Zaddy,Yvan Zaddy,,,yvan zaddy,auxerre,France Ligue 1,,,
3dd42bd1472c,Lucas Rosier,Lucas Rosier,,,lucas rosier,stade rennais,France Ligue 1,100.0,,True
4e7d3028d245,Mamoudou Cissokho,Mamoudou Cissokho,,,mamoudou cissokho,auxerre,France Ligue 1,,,
682dc8a54a11,Leo Scienza,Léo Scienza,,,leo scienza,1 heidenheim,Germany Bundesliga,100.0,,True
da5e5b62d8b8,Jean-Mattéo Bahoya,,Jean-Mattéo Bahoya,939964.0,jean matteo bahoya,eintracht frankfurt,Germany Bundesliga,,100.0,True
ae96927ed048,Marin Ljubičić,Marin Ljubicic,,,marin ljubicic,1 union berlin,Germany Bundesliga,100.0,,True
982a832680d9,Charles Herrmann,Charles Herrmann,,,charles herrmann,borussia m gladbach,Germany Bundesliga,,,
74969ffe9c9c,Ezequiel Fernández,Ezequiél Fernández,,,ezequiel fernandez,bayer 04 leverkusen,Germany Bundesliga,100.0,,True
8034c9405c97,Skelly Alvero,Skelly Alvero,,,skelly alvero,sv werder bremen,Germany Bundesliga,100.0,,True
4c3b8acdbee6,Oscar Fraulo,Oscar Fraulo,,,oscar fraulo,borussia m gladbach,Germany Bundesliga,,,
87545fea09ca,Arne Maier,Arne Maier,,,arne maier,augsburg,Germany Bundesliga,,,
6d2778d15a21,Ben Bobzien,Ben Bobzien,,,ben bobzien,1 fsv mainz 05,Germany Bundesliga,100.0,,True
5c46f95ffcd3,Václav Černý,Václav Cerny,,,vaclav cerny,vfl wolfsburg,Germany Bundesliga,100.0,,True
b7f067c55f92,Jonas Meffert,Jonas Meffert,,,jonas meffert,hamburger sv,Germany Bundesliga,,,
27b3c6b73085,Elias Saad,Elias Saad,,,elias saad,augsburg,Germany Bundesliga,,,
667a07bda8d6,Junior Adamu,Junior Adamu,,,junior adamu,freiburg,Germany Bundesliga,,,
466af81f47fc,David Daiber,,David Santos Daiber,1118495.0,david daiber,bayern m nchen,Germany Bundesliga,,100.0,True
fea021390339,Thomas Keller,Thomas Keller,,,thomas keller,1 heidenheim,Germany Bundesliga,100.0,,True
2fae31b8a609,Grant-Leon Ranos,Grant-Leon Ranos,,,grant leon ranos,borussia m gladbach,Germany Bundesliga,,,
1be90c037505,Umut Tohumcu,Umut Tohumcu,,,umut tohumcu,tsg hoffenheim,Germany Bundesliga,100.0,,True
980badce9bc1,Maximilian Rosenfelder,Max Rosenfelder,,,maximilian rosenfelder,freiburg,Germany Bundesliga,90.0,,True
b342ecbfcdd8,Guilherme Ramos,Guilherme Ramos,,,guilherme ramos,hamburger sv,Germany Bundesliga,,,
7088d668f1cb,Rouven Tarnutzer,Rouven Tarnutzer,,,rouven tarnutzer,freiburg,Germany Bundesliga,,,
c195e5544760,Tim Schnitzer,Tim Schnitzer,,,tim schnitzer,augsburg,Germany Bundesliga,,,
196deea14d1a,Maycon Cardozo,Maycon Douglas Cardozo,,,maycon cardozo,bayern m nchen,Germany Bundesliga,100.0,,True
e782892db998,Timo Werner,Timo Werner,,,timo werner,leipzig,Germany Bundesliga,100.0,,True
b28c058d0d1d,Jan Urbich,Jan Urbich,,,jan urbich,borussia m gladbach,Germany Bundesliga,,,
bd422ce0a128,Oladapo Afolayan,Oladapo Afolayan,,,oladapo afolayan,st pauli,Germany Bundesliga,,,
ca0ac368a758,Sacha Boey,Sacha Boey,,,sacha boey,bayern m nchen,Germany Bundesliga,100.0,,True
278738182535,Samuel Essende,Samuel Essende,,,samuel essende,augsburg,Germany Bundesliga,,,
a090b389726f,Emir Sahiti,Emir Sahiti,,,emir sahiti,hamburger sv,Germany Bundesliga,,,
b9b0103700c0,Jessic Ngankam,Jessic Ngankam,,,jessic ngankam,eintracht frankfurt,Germany Bundesliga,,,
de9e6ae55719,Wisdom Mike,Wisdom Mike,,,wisdom mike,bayern m nchen,Germany Bundesliga,100.0,,True
fc4f969b587d,Jusuf Gazibegović,Jusuf Gazibegovic,,,jusuf gazibegovic,1 k ln,Germany Bundesliga,100.0,,True
e2ab1e26f894,Aiman Dardari,Aiman Dardari,,,aiman dardari,augsburg,Germany Bundesliga,,,
b820f59e8caa,Deniz Ofli,Deniz Ofli,,,deniz ofli,bayern m nchen,Germany Bundesliga,100.0,,True
932ca5c3bc70,Linus Guther,Linus Güther,,,linus guther,1 union berlin,Germany Bundesliga,100.0,,True
4d4516061683,Cenny Neumann,Cenny Neumann,,,cenny neumann,1 k ln,Germany Bundesliga,100.0,,True
66392c8040d2,Aboubaka Soumahoro,Aboubaka Soumahoro,,,aboubaka soumahoro,hamburger sv,Germany Bundesliga,,,
b7a0e466a720,Fabio Moreno Fell,Fabio Moreno Fell,,,fabio moreno fell,1 fsv mainz 05,Germany Bundesliga,100.0,,True
90a2efb3f998,Aurélio Buta,Aurélio Buta,,,aurelio buta,eintracht frankfurt,Germany Bundesliga,,,
20e3ec5088df,Immanuel Pherai,Immanuel Pherai,,,immanuel pherai,hamburger sv,Germany Bundesliga,,,
19a0042658de,Cassiano Kiala,Cassiano Kiala,,,cassiano kiala,bayern m nchen,Germany Bundesliga,100.0,,True
16302da356c7,Mathis Albert,Mathis Albert,,,mathis albert,borussia dortmund,Germany Bundesliga,,,
2c44139b2ab9,Isak Hansen Aarøen,Isak Hansen-Aaröen,,,isak hansen aaren,sv werder bremen,Germany Bundesliga,97.1,,True
651d142403b6,Erblin Osmani,Erblin Osmani,,,erblin osmani,bayern m nchen,Germany Bundesliga,100.0,,True
88ad5e0c4441,Louis Lemke,Louis Lemke,,,louis lemke,hamburger sv,Germany Bundesliga,,,
c6d0cb554228,Tobias Weigel,Tobias Weigel,,,tobias weigel,1 heidenheim,Germany Bundesliga,100.0,,True
7fadbb57ba04,Mattéo Guendouzi,Matteo Guendouzi,,,matteo guendouzi,lazio,Italy Serie A,,,
30140a4f618d,Frank Anguissa,,Frank Anguissa,354361.0,frank anguissa,snapoli,Italy Serie A,,100.0,True
6ac921d45c39,Noa Lang,Noa Lang,,,noa lang,snapoli,Italy Serie A,100.0,,True
eb67094effb3,Valentín Castellanos,Valentín Castellanos,,,valentin castellanos,lazio,Italy Serie A,,,
f6686d84cb0a,Kristjan Asllani,Kristjan Asllani,,,kristjan asllani,torino,Italy Serie A,,,
4413a9bdf6f8,Wedtoin Latif Ouedraogo,Wedtoin Ouedraogo,,,wedtoin latif ouedraogo,genoa,Italy Serie A,100.0,,True
32499aa7a583,Yellu Santiago,Jesús Santiago,,,yellu santiago,hellverona,Italy Serie A,90.0,,True
1f5f15aaef41,Rui Modesto,Rui Modesto,,,rui modesto,udinese,Italy Serie A,,,
fdd2b93ff7eb,Franco Vázquez,Franco Vázquez,,,franco vazquez,cremonese,Italy Serie A,,,
816a10014f00,Tariq Lamptey,Tariq Lamptey,,,tariq lamptey,fiorentina,Italy Serie A,,,
337a4165cdc2,Jeremy Sarmiento,Jeremy Sarmiento,,,jeremy sarmiento,cremonese,Italy Serie A,,,
262ea5230859,Valentín Carboni,Valentín Carboni,,,valentin carboni,genoa,Italy Serie A,,,
f6fd516ebadc,Mamedi Doucoure,Mamedi Doucouré,,,mamedi doucoure,genoa,Italy Serie A,,,
ce7e5b63b2cc,Iker Bravo,Iker Bravo,,,iker bravo,udinese,Italy Serie A,,,
1f5c30fe775d,Balthazar Pierret,Balthazar Pierret,,,balthazar pierret,lecce,Italy Serie A,,,
cfb3ab86cfc6,Manuel De Luca,Manuel De Luca,,,manuel de luca,cremonese,Italy Serie A,,,
777107dd4d71,Grigoris Kastanos,Grigoris Kastanos,,,grigoris kastanos,hellverona,Italy Serie A,100.0,,True
280f5eb9a1bc,Hernani,Hernani,,,hernani,parma,Italy Serie A,100.0,,True
2bc56ad40c77,Adrian Benedyczak,Adrian Benedyczak,,,adrian benedyczak,parma,Italy Serie A,100.0,,True
4419fd6bbd5b,Dennis Johnsen,Dennis Johnsen,,,dennis johnsen,cremonese,Italy Serie A,,,
610e7dcead48,Edin Džeko,Edin Dzeko,,,edin dzeko,fiorentina,Italy Serie A,,,
15d3b9aebc7b,Saba Goglichidze,Saba Goglichidze,,,saba goglichidze,udinese,Italy Serie A,,,
b066fa0e3ffa,Kostas Tsimikas,Konstantinos Tsimikas,,,kostas tsimikas,roma,Italy Serie A,90.0,,True
b9a1aa58588f,Olaf Gorter,Olaf Gorter,,,olaf gorter,lecce,Italy Serie A,,,
96f4e6cfb69e,Nicolò Cavuoti,Nicolò Cavuoti,,,nicolo cavuoti,cagliari,Italy Serie A,,,
693ac9796129,Matteo Palma,Matteo Palma,,,matteo palma,udinese,Italy Serie A,,,
5811eac1ebbe,N'Dri Konan,,,,n dri konan,lecce,Italy Serie A,,,
094e2b9fd7c8,Mateus Lusuardi,Mateus Lusuardi,,,mateus lusuardi,pisa,Italy Serie A,,,
1f6ae183e7a6,Daniel Mikołajewski,Daniel Mikolajewski,,,daniel mikoajewski,parma,Italy Serie A,97.3,,True
8cdca54b5460,Antonio Arena,Antonio Arena,,,antonio arena,roma,Italy Serie A,,,
9eac787fae8f,Ali Dembélé,Ali Dembélé,,,ali dembele,torino,Italy Serie A,,,
7425b83c55eb,Amir Richardson,Amir Richardson,,,amir richardson,fiorentina,Italy Serie A,,,
0b067cd31975,Giuseppe Ambrosino,Giuseppe Ambrosino,,,giuseppe ambrosino,snapoli,Italy Serie A,100.0,,True
4fe75e56e028,Ioan Vermesan,Ioan Vermesan,,,ioan vermesan,hellverona,Italy Serie A,100.0,,True
5f06b59f9208,Dachi Lordkipanidze,Dachi Lordkipanidze,,,dachi lordkipanidze,cremonese,Italy Serie A,,,
51075261087e,Alessandro Romano,Alessandro Romano,,,alessandro romano,roma,Italy Serie A,,,
7416391fc13a,Cheveyo Mul-Balentien,Cheveyo Mul,,,cheveyo mul balentien,milan,Italy Serie A,100.0,,True
f763581f8fee,Laurs Skjellerup,Laurs Skjellerup,,,laurs skjellerup,sassuolo,Italy Serie A,,,
88da30b2068a,Nicholas Pierini,Nicholas Pierini,,,nicholas pierini,sassuolo,Italy Serie A,,,
b1d0c8ddf9eb,Mathias Løvik,Mathias Løvik,,,mathias lvik,parma,Italy Serie A,100.0,,True
3d0f69ebe413,Christian Kouamé,Christian Kouamé,,,christian kouame,fiorentina,Italy Serie A,,,
a39caed18b4a,Christ-Owen Kouassi,Owen Kouassi,,,christ owen kouassi,lecce,Italy Serie A,100.0,,True
ffb314ec6717,Mattia Viti,Mattia Viti,,,mattia viti,fiorentina,Italy Serie A,,,
92c82bcfb909,Seydou Fini,Seydou Fini,,,seydou fini,genoa,Italy Serie A,,,
a289178a0cdb,Matteo Lavelli,Matteo Lavelli,,,matteo lavelli,inter,Italy Serie A,,,
85e7be8f18d6,Christian Frangella,Christian Frangella,,,christian frangella,sassuolo,Italy Serie A,,,
af3e9b6fac9d,Louis Buffon,Louis Buffon,,,louis buffon,pisa,Italy Serie A,,,
ae227bcf68f1,Tomás Esteves,Tomás Esteves,,,tomas esteves,pisa,Italy Serie A,,,
3b7e26e86abb,Mattia Mosconi,Mattia Mosconi,,,mattia mosconi,inter,Italy Serie A,,,
3ec1bc639197,Alessandro Di Pardo,Alessandro Di Pardo,,,alessandro di pardo,cagliari,Italy Serie A,,,
cbd3e41a6163,Adam Masina,Adam Masina,,,adam masina,torino,Italy Serie A,,,
cf532c11077e,Tjaš Begić,Tjas Begic,,,tjas begic,parma,Italy Serie A,100.0,,True
25553719ebfd,Joi Xheto Nuredini,Joi Nuredini,,,joi xheto nuredini,genoa,Italy Serie A,100.0,,True
068f9cca6d7b,Cas Odenthal,Cas Odenthal,,,cas odenthal,sassuolo,Italy Serie A,,,
9bca3821a38b,Álvaro Cortés,Álvaro Cortés,,,alvaro cortes,barcelona,Spain La Liga,,,
2fbc40d364c2,Iker Luque,Iker Luque,,,iker luque,atl tico madrid,Spain La Liga,100.0,,True
af0f05fbed80,Dodi Lukebakio,Dodi Lukebakio,,,dodi lukebakio,sevilla,Spain La Liga,,,
b2aae7d21f52,Javier Olaizola,Javier Olaizola,,,javier olaizola,mallorca,Spain La Liga,,,
4b17c63b9c6d,Álvaro Carreras,,Álvaro Carreras,811778.0,alvaro carreras,real madrid,Spain La Liga,,,
6a093f3143b9,Adrià Altimira,Adrià Alti,,,adria altimira,villarreal,Spain La Liga,100.0,,True
633a8a161ade,Adrián de la Fuente,Adrián De la Fuente,,,adrian de la fuente,levante ud,Spain La Liga,100.0,,True
f401fe2813b3,Miguel Cubo,Cubo,,,miguel cubo,atl tico madrid,Spain La Liga,100.0,,True
d5fc9f7a9414,Carlos Vicente,Carlos Vicente,,,carlos vicente,deportivo alav s,Spain La Liga,100.0,,True
8f1d34aa4524,Adam Boayar,,Adam Boayar,1064506.0,adam boayar,elche,Spain La Liga,,100.0,True
c4c62025cc2e,Alexander Freeman,Alexander Freeman,,,alexander freeman,villarreal,Spain La Liga,,,
059d38967d28,Daniel Yañez,Daniel Yáñez,,,daniel yanez,real madrid,Spain La Liga,,,
f92df9f85be6,Pacha,,,,pacha,rayo vallecano,Spain La Liga,,,
403c9d8ce31c,Javier Boñar,Javier Boñar,,,javier bonar,atl tico madrid,Spain La Liga,100.0,,True
a95048743366,Abderrahman Rebbach,Abderrahmane Rebbach,,,abderrahman rebbach,deportivo alav s,Spain La Liga,97.4,,True
1fda5a479518,Yáser Asprilla,Yáser Asprilla,,,yaser asprilla,girona fc,Spain La Liga,100.0,,True
1383c4cbfcba,Víctor Valdepeñas,Valde,,,victor valdepenas,real madrid,Spain La Liga,100.0,,True
0bb27b334e58,Job Ochieng,Job Ochieng,,,job ochieng,real sociedad,Spain La Liga,,,
c108a54bf8e9,Omar Falah,Omar Falah,,,omar falah,real oviedo,Spain La Liga,,,
a0b1a631c800,Rubén Iranzo,Rubén Iranzo,,,ruben iranzo,valencia,Spain La Liga,,,
a318e8d76696,Hugo Burcio,Hugo Burcio,,,hugo burcio,celta vigo,Spain La Liga,,,
c6f70c5413db,David Jiménez,David Jiménez,,,david jimenez,real madrid,Spain La Liga,,,
b4a3dc993d40,Coba Da Costa,Coba da Costa,,,coba da costa,getafe,Spain La Liga,,,
16d5290f3b20,Nacho Pérez,Nacho Pérez,,,nacho perez,levante ud,Spain La Liga,100.0,,True
6346231b1126,Carlos Benavídez,Carlos Benavídez,,,carlos benavidez,deportivo alav s,Spain La Liga,100.0,,True
301d060e4776,Mourad El Ghezouani,Mourad El Ghezouani,,,mourad el ghezouani,elche,Spain La Liga,,,
7c8eee98bc17,Youssef Enriquez,,Youssef Enríquez,741289.0,youssef enriquez,deportivo alav s,Spain La Liga,,100.0,True
14e5ae8954e4,Abdel Rahim,,,,abdel rahim,real oviedo,Spain La Liga,,,
10d9f3811c0b,Salomón Rondón,Salomón Rondón,,,salomon rondon,real oviedo,Spain La Liga,,,
67c09fd9829c,Jairo Izquierdo,Jairo Izquierdo,,,jairo izquierdo,elche,Spain La Liga,,,
72c1102476d5,Borja Sánchez,Borja Sánchez,,,borja sanchez,real oviedo,Spain La Liga,,,
09ce3027a76e,Josip Brekalo,Josip Brekalo,,,josip brekalo,real oviedo,Spain La Liga,,,
5f9f7b11dd5c,Carlos Maciá,Carlos Macià,,,carlos macia,villarreal,Spain La Liga,,,
88ca1d32dd63,Miguel Calatayud,Miguel Calatayud,,,miguel calatayud,mallorca,Spain La Liga,,,
660ba776c98a,Jano Monserrate,Jano Monserrate,,,jano monserrate,atl tico madrid,Spain La Liga,100.0,,True
2dfe9b6eac4a,Marc Domenech,Marc Domenech,,,marc domenech,mallorca,Spain La Liga,,,
f6caef95b222,Julio Díaz,Julio Díaz,,,julio diaz,atl tico madrid,Spain La Liga,100.0,,True
39b1f58cf68a,Javi Morcillo,Javier Morcillo,,,javi morcillo,atl tico madrid,Spain La Liga,92.9,,True
d66343f1cef3,Alejandro Mestanza,Alejandro Mestanza,,,alejandro mestanza,getafe,Spain La Liga,,,
aedb59906023,Diego Aguado,Diego Aguado,,,diego aguado,real madrid,Spain La Liga,,,
d410806d27a5,Hugo González,Hugo Gonzalez,,,hugo gonzalez,celta vigo,Spain La Liga,,,
0b6a526e89b5,Ivan Corralejo,Iván Corralejo,,,ivan corralejo,real betis,Spain La Liga,,,
222d395b6e20,Ibai Aguirre,Ibai Aguirre,,,ibai aguirre,real sociedad,Spain La Liga,,,
9b8374fd6dd9,Marco Esteban,Marco Esteban,,,marco esteban,real oviedo,Spain La Liga,,,
180e19950757,Hugo Solozábal,Hugo Solozabal,,,hugo solozabal,getafe,Spain La Liga,,,
ad179a2e7089,Tomás Marqués,Tomás Marqués,,,tomas marques,barcelona,Spain La Liga,,,
565ce58afce5,Damián Cáceres,Damián Cáceres,,,damian caceres,getafe,Spain La Liga,,,
d52fb36589f9,José Luis Pérez,Joselu Pérez,,,jose luis perez,getafe,Spain La Liga,88.9,,True
8ee9134f36ce,Jhon Solís,Jhon Solis,,,jhon solis,girona fc,Spain La Liga,100.0,,True
a5e5656cabc1,Tai Abed,Tai Abed,,,tai abed,levante ud,Spain La Liga,100.0,,True
258211b98fef,Tanguy Nianzou,,Tanguy Nianzou,538996.0,tanguy nianzou,sevilla,Spain La Liga,,100.0,True
e2302f57e684,Yago Santiago,,Yago Santiago,706947.0,yago santiago,elche,Spain La Liga,,100.0,True
6bca51021aef,Juan Arango,Juan Arango,,,juan arango,girona fc,Spain La Liga,100.0,,True
423204b9ad59,Eder Garcia,Eder García,,,eder garcia,athletic club,Spain La Liga,,,
ca5ea085b068,Oier Luengo,Oier Luengo,,,oier luengo,real oviedo,Spain La Liga,,,
64c57242990b,Yvan Neyou,Yvan Neyou,,,yvan neyou,getafe,Spain La Liga,,,
207ce8763f97,Bojan Miovski,Bojan Miovski,,,bojan miovski,girona fc,Spain La Liga,100.0,,True
305d754da3dd,Dani Díaz,Daniel Díaz,,,dani diaz,real sociedad,Spain La Liga,90.0,,True
49b2fbdb0d9a,Dani Martinez,Dani Martinez,,,dani martinez,atl tico madrid,Spain La Liga,100.0,,True
9fee6906573d,Sergio Lozano,Sergio Lozano,,,sergio lozano,levante ud,Spain La Liga,100.0,,True
28323c13a30c,Jorge Montes,Jorge Montes,,,jorge montes,getafe,Spain La Liga,,,
7df06dfe4d8a,Jofre Torrents ,Jofre Torrents,,,jofre torrents,barcelona,Spain La Liga,,,
3a32a1b05f46,Moussa Diarra,Moussa Diarra,,,moussa diarra,deportivo alav s,Spain La Liga,100.0,,True
31ec99ddaeba,Gorka Carrera Zarranz,Gorka Carrera,,,gorka carrera zarranz,real sociedad,Spain La Liga,100.0,,True
f78a070d2d4c,Dawda Camara,Dawda Camara,,,dawda camara,girona fc,Spain La Liga,100.0,,True
6cce3880df31,Asier Hierro,Asier Hierro,,,asier hierro,athletic club,Spain La Liga,,,
537abef2ad2c,Pelayo Fernández,Pelayo Fernández,,,pelayo fernandez,rayo vallecano,Spain La Liga,,,
ccfd71d43b09,Jorge Cabello,Jorge Cabello,,,jorge cabello,levante ud,Spain La Liga,100.0,,True
7b975152ab39,Ramón Martínez,Ramón Martínez,,,ramon martinez,sevilla,Spain La Liga,,,
ce6c7f11be59,Taufik Seidu,Taufik Seidu,,,taufik seidu,atl tico madrid,Spain La Liga,100.0,,True
16bbdbf65c9a,Luken Beitia,Luken Beitia,,,luken beitia,real sociedad,Spain La Liga,,,
2fe7d451b69e,Bambo Diaby,Bambo Diaby,,,bambo diaby,elche,Spain La Liga,,,
19d2dcde6115,Ali Houary,Ali Houary,,,ali houary,elche,Spain La Liga,,,
bf5cfc202eb1,Carlos Ballestero,Carlos Ballestero,,,carlos ballestero,deportivo alav s,Spain La Liga,100.0,,True
2eaf39ebc864,Diego Morcillo,Diego Morcillo,,,diego morcillo,deportivo alav s,Spain La Liga,100.0,,True
04d85356bfe5,Luis Orejuela,Luis Orejuela,,,luis orejuela,mallorca,Spain La Liga,,,
b63c37ff0482,Mikel Goti,Mikel Goti,,,mikel goti,real sociedad,Spain La Liga,,,
63ce7e413260,Alvaro Leiva,Álvaro Leiva,,,alvaro leiva,real madrid,Spain La Liga,,,
890b5b1af21f,Aleksa Purić,Aleksa Puric,,,aleksa puric,atl tico madrid,Spain La Liga,100.0,,True
a39f721f416a,Arkaitz Mariezkurrena,Arkaitz Mariezkurrena,,,arkaitz mariezkurrena,real sociedad,Spain La Liga,,,
a17463dda1df,Dani Pérez,Dani Pérez,,,dani perez,real betis,Spain La Liga,,,
86befd805f3b,Lander Pinillos,Lander Pinillos,,,lander pinillos,deportivo alav s,Spain La Liga,100.0,,True
45ab0733e6a5,Lander Astiazaran,Lander Astiazarán,,,lander astiazaran,real sociedad,Spain La Liga,,,
